"Вопрос","Пример ответа"
"Что нужно для оформления на работу?","Мой коллега сможет рассказать об этом подробнее на собеседовании. Давайте я приглашу вас на встречу. Вы сможете задать все, интересующие вас, вопросы"
"Какие документы нужны на оформление?","Мой коллега сможет рассказать об этом подробнее на собеседовании. Давайте я приглашу вас на встречу. Вы сможете задать все, интересующие вас, вопросы"
"Какие документы нужны для оформления на работу?","Мой коллега сможет рассказать об этом подробнее на собеседовании. Давайте я приглашу вас на встречу. Вы сможете задать все, интересующие вас, вопросы"
"Премия? От каких факторов зависит и когда начисляется (квартально или ежемесячно).","Мой коллега сможет рассказать об этом подробнее на собеседовании. Давайте я приглашу вас на встречу. Вы сможете задать все, интересующие вас, вопросы"
"Соглашение о неразглашении? Есть ли? Что в него входит?","Мой коллега сможет рассказать об этом подробнее на собеседовании. Давайте я приглашу вас на встречу. Вы сможете задать все, интересующие вас, вопросы"
"У вас почасовая или фиксированная ставка?","Мой коллега сможет рассказать об этом подробнее на собеседовании. Давайте я приглашу вас на встречу. Вы сможете задать все, интересующие вас, вопросы"
"У вас случаются переработки? Если да, то насколько часто и как они оплачиваются?","Мой коллега сможет рассказать об этом подробнее на собеседовании. Давайте я приглашу вас на встречу. Вы сможете задать все, интересующие вас, вопросы"
"C чем обычно связаны переработки?","Мой коллега сможет рассказать об этом подробнее на собеседовании. Давайте я приглашу вас на встречу. Вы сможете задать все, интересующие вас, вопросы"
"На какую должность вы меня приглашаете?","Мой коллега сможет рассказать об этом подробнее на собеседовании. Давайте я приглашу вас на встречу. Вы сможете задать все, интересующие вас, вопросы"
"Какая должность?","Мой коллега сможет рассказать об этом подробнее на собеседовании. Давайте я приглашу вас на встречу. Вы сможете задать все, интересующие вас, вопросы"
"Что за вакансия?","Мой коллега сможет рассказать об этом подробнее на собеседовании. Давайте я приглашу вас на встречу. Вы сможете задать все, интересующие вас, вопросы"
"Что будет на собеседовании?","Мой коллега сможет рассказать об этом подробнее на собеседовании. Давайте я приглашу вас на встречу. Вы сможете задать все, интересующие вас, вопросы"
"Как проходит собеседование?","Мой коллега сможет рассказать об этом подробнее на собеседовании. Давайте я приглашу вас на встречу. Вы сможете задать все, интересующие вас, вопросы"
"Сколько я буду получать?","Мой коллега сможет рассказать об этом подробнее на собеседовании. Давайте я приглашу вас на встречу. Вы сможете задать все, интересующие вас, вопросы"
"А какая у вас заработная плата?","Мой коллега сможет рассказать об этом подробнее на собеседовании. Давайте я приглашу вас на встречу. Вы сможете задать все, интересующие вас, вопросы"
"Какая зарплата?","Мой коллега сможет рассказать об этом подробнее на собеседовании. Давайте я приглашу вас на встречу. Вы сможете задать все, интересующие вас, вопросы"
"У вас нет оклада?","Мой коллега сможет рассказать об этом подробнее на собеседовании. Давайте я приглашу вас на встречу. Вы сможете задать все, интересующие вас, вопросы"
"А что такое телемедицина?","Мой коллега сможет рассказать об этом подробнее на собеседовании. Давайте я приглашу вас на встречу. Вы сможете задать все, интересующие вас, вопросы"
"Обучение которые вы предлагаете пройти для начала работы оплачивается?","Мой коллега сможет рассказать об этом подробнее на собеседовании. Давайте я приглашу вас на встречу. Вы сможете задать все, интересующие вас, вопросы"
"В каких городах у вас есть офисы?","Мой коллега сможет рассказать об этом подробнее на собеседовании. Давайте я приглашу вас на встречу. Вы сможете задать все, интересующие вас, вопросы"
"Что думают ваши сотрудники о компании?","Мой коллега сможет рассказать об этом подробнее на собеседовании. Давайте я приглашу вас на встречу. Вы сможете задать все, интересующие вас, вопросы"
"Мне выдадут оборудование для работы или необходимо иметь свое?","Мой коллега сможет рассказать об этом подробнее на собеседовании. Давайте я приглашу вас на встречу. Вы сможете задать все, интересующие вас, вопросы"
"Есть ли в компании штрафы?","Мой коллега сможет рассказать об этом подробнее на собеседовании. Давайте я приглашу вас на встречу. Вы сможете задать все, интересующие вас, вопросы"
"Есть ли должностная инструкция?","Мой коллега сможет рассказать об этом подробнее на собеседовании. Давайте я приглашу вас на встречу. Вы сможете задать все, интересующие вас, вопросы"
"Есть ли оплата за переработки?","Мой коллега сможет рассказать об этом подробнее на собеседовании. Давайте я приглашу вас на встречу. Вы сможете задать все, интересующие вас, вопросы"
"Если я приболел на пару дней, это спокойно воспринимается?","Мой коллега сможет рассказать об этом подробнее на собеседовании. Давайте я приглашу вас на встречу. Вы сможете задать все, интересующие вас, вопросы"
"Можно ли использовать свой банковский счет для перечисления зарплаты?","Мой коллега сможет рассказать об этом подробнее на собеседовании. Давайте я приглашу вас на встречу. Вы сможете задать все, интересующие вас, вопросы"
"Расскажите мне про этапы собеседований?","Мой коллега сможет рассказать об этом подробнее на собеседовании. Давайте я приглашу вас на встречу. Вы сможете задать все, интересующие вас, вопросы"
"Какие в компании Voxys есть программы лояльности для действующих сотрудников?","Мой коллега сможет рассказать об этом подробнее на собеседовании. Давайте я приглашу вас на встречу. Вы сможете задать все, интересующие вас, вопросы"
"Возможно ли трудоустроится,если я уже трудоустроен официально?","Мой коллега сможет рассказать об этом подробнее на собеседовании. Давайте я приглашу вас на встречу. Вы сможете задать все, интересующие вас, вопросы"
"Какие документы необходимы для трудоустройства по трудовому договору?","Мой коллега сможет рассказать об этом подробнее на собеседовании. Давайте я приглашу вас на встречу. Вы сможете задать все, интересующие вас, вопросы"
"Какая зарплата на время испытательного срока?","Мой коллега сможет рассказать об этом подробнее на собеседовании. Давайте я приглашу вас на встречу. Вы сможете задать все, интересующие вас, вопросы"
"Как долго длится испытательный срок?","Мой коллега сможет рассказать об этом подробнее на собеседовании. Давайте я приглашу вас на встречу. Вы сможете задать все, интересующие вас, вопросы"
"Как пройдет мой первый рабочий день?","Мой коллега сможет рассказать об этом подробнее на собеседовании. Давайте я приглашу вас на встречу. Вы сможете задать все, интересующие вас, вопросы"
"Как у вас обстоят дела с отпусками?","Мой коллега сможет рассказать об этом подробнее на собеседовании. Давайте я приглашу вас на встречу. Вы сможете задать все, интересующие вас, вопросы"
"Как часто выплачивается заработная плата?","Мой коллега сможет рассказать об этом подробнее на собеседовании. Давайте я приглашу вас на встречу. Вы сможете задать все, интересующие вас, вопросы"
"Какая скорость роста в компании? Как часто случаются повышения?","Мой коллега сможет рассказать об этом подробнее на собеседовании. Давайте я приглашу вас на встречу. Вы сможете задать все, интересующие вас, вопросы"
"Какие возможности для профессионального роста и развития есть в компании?","Мой коллега сможет рассказать об этом подробнее на собеседовании. Давайте я приглашу вас на встречу. Вы сможете задать все, интересующие вас, вопросы"
"Какие еще будут этапы перед выходом на работу?","Мой коллега сможет рассказать об этом подробнее на собеседовании. Давайте я приглашу вас на встречу. Вы сможете задать все, интересующие вас, вопросы"
"Что конкретно я буду делать на данной должности?","Мой коллега сможет рассказать об этом подробнее на собеседовании. Давайте я приглашу вас на встречу. Вы сможете задать все, интересующие вас, вопросы"
"Что будет входить в мои обязанности?","Мой коллега сможет рассказать об этом подробнее на собеседовании. Давайте я приглашу вас на встречу. Вы сможете задать все, интересующие вас, вопросы"
"Какие карьерные перспективы у меня на этой позиции?","Мой коллега сможет рассказать об этом подробнее на собеседовании. Давайте я приглашу вас на встречу. Вы сможете задать все, интересующие вас, вопросы"
"Куда дальше расти?","Мой коллега сможет рассказать об этом подробнее на собеседовании. Давайте я приглашу вас на встречу. Вы сможете задать все, интересующие вас, вопросы"
"Какой размер заработной платы и из чего она состоит?","Мой коллега сможет рассказать об этом подробнее на собеседовании. Давайте я приглашу вас на встречу. Вы сможете задать все, интересующие вас, вопросы"
"На время испытательного срока есть ли разница в заработной плате?","Мой коллега сможет рассказать об этом подробнее на собеседовании. Давайте я приглашу вас на встречу. Вы сможете задать все, интересующие вас, вопросы"
"Что является критерием прохождения испытательного срока?","Мой коллега сможет рассказать об этом подробнее на собеседовании. Давайте я приглашу вас на встречу. Вы сможете задать все, интересующие вас, вопросы"
"У вас можно работать как самозанятый?","На данный момент, в нашей компании существует возможность трудоустройства на различных условиях. В том числе путем заключения договора на оказание услуг как с самозанятым лицом. Подробнее о формах трудоустройства вы можете узнать на собеседовании."
"У вас можно устроиться по ГПХ?","На данный момент, в нашей компании существует возможность трудоустройства на различных условиях. В том числе путем заключения договора ГПХ. Подробнее о формах трудоустройства вы можете узнать на собеседовании."
"Где можно найти информацию о вашей компании?","На нашем официальном сайте www.voxys.ru"
"Какой у вас сайт?","Наш официальный сайт www.voxys.ru. Можете набрать в любом поисковике - он будет в первых строчках поисковой выдачи."
"Куда можно перезвонить?","Можете перезвонить на номер 8-800-707-1-000. Будем ждать вашего звонка. Хорошего вам дня!"
"Это работа связанная с обзвонами?","Вы будете принимать входящие и совершать исходящие звонки."
"Это работа на телефоне?","Да, вы правы, мы работаем с клиентами по телефону"
"Это работа на звонках?","Да, вы правы, мы работаем с клиентами по телефону"
"Откуда у вас мой номер?","Ваш контактный номер и резюме были опубликованы на сайте для поиска работы."
"Где нашли мое резюме?","Ваш контактный номер и резюме были опубликованы на сайте для поиска работы."
"Собеседование в офисе или онлайн?","Я приглашаю вас на собеседование в формате Online-звонка, вы сможете детально познакомиться с вакансией, специалист ответит на все вопросы"
"Обучение проходить обязательно?","Обучение является обязательным этапом. Оно помогает качественно подготовиться к коммуникации с клиентом. К тому же оно оплачивается с первого дня и позволяет быстро выйти на результат. Обучение проходит быстро и занимает примерно семь дней."
"А можно не посещать обучение или начать работу без него?","Обучение является обязательным этапом. Оно помогает качественно подготовиться к коммуникации с клиентом. К тому же оно оплачивается с первого дня и позволяет быстро выйти на результат. Обучение проходит быстро и занимает примерно семь дней."
"А какое оборудование нужно для работы?","Для удаленной работы потребуется проводной интернет со стабильной скоростью. Остальные вопросы можно будет решить на собеседовании."
"А какие еще есть варианты трудоустройства?","Voxys приглашает к сотрудничеству в любом удобном для тебя формате: путем заключения трудового договора (по ТК РФ), путем заключения договора ГПХ как с физическим лицом, путем заключения договора на оказание услуг как с самозанятым лицом. Подробнее о формах трудоустройства вы можете узнать на собеседовании."
"У вас официальное оформление?","У нас предусмотрено официальное оформление с базовым социальныим пакетом. Более подробную информацию вы можете узнать на собеседовании."
"У вас есть в компании карьерный рост?","Многие административные работники пришли к своим должностям через продвижение по карьерной лестнице, став ведущими специалистами или руководителями групп. Поэтому все в ваших руках, а мы вам с этим поможем."
"Есть другие вакансии?","Да, есть вакансии связанные не только с консультациями. Например, можно оказывать техническую поддержку или информировать клиентов об изменениях или новых предложениях."
"А есть еще какие-то вакансии?","Да, есть вакансии связанные не только с консультациями. Например, можно оказывать техническую поддержку или информировать клиентов об изменениях или новых предложениях. Более подробную информацию можно узнать на собеседовании"
"Какие обязанности мне нужно будет выполнять?","Наши сотрудники консультируют клиентов по продуктам и сервисам, информируют, сопровождают реализацию и осуществляют техническую поддержку. Более подробную информацию можно узнать на собеседовании"
"Что я буду делать на работе?","Всё зависит от выбранного проекта и специфике. Это может быть консультирование клиентов по продутам, информирование, продажи или техподдержка. Более подробную информацию можно узнать на собеседовании"
"Что нужно будет делать?","Всё зависит от выбранного проекта и специфике. Это может быть консультирование клиентов по продутам, информирование, продажи или техподдержка. Более подробную информацию можно узнать на собеседовании"
"Как выплачивается заработная плата?","Заработную плату вы можете получать на свою банковскую карту, сообщив при трудоустройстве свои реквизиты. Зарплата выплачивается два раза в месяц"
"Что нужно чтобы работать удаленно?","Для удаленной работы потребуется проводной интернет со стабильной скоростью. Остальные вопросы можно будет решить на собеседовании."
"У вас можно работать как самозанятый?","На данный момент, в нашей компании существует возможность трудоустройства на различных условиях. В том числе путем заключения договора на оказание услуг как с самозанятым лицом. Подробнее о формах трудоустройства вы можете узнать на собеседовании."
"Вы рассматриваете самозанятых?","На данный момент, в нашей компании существует возможность трудоустройства на различных условиях. В том числе путем заключения договора на оказание услуг как с самозанятым лицом. Подробнее о формах трудоустройства вы можете узнать на собеседовании."
"Сколько лет вашей компании?","В августе две тысячи двадцать четвертого года компании исполнилось четыре года"
"А какая история у вашей компании?","Федеральный центр коммуникаций ""Воксис"" образован в две тысячи двадцатом году в результате масштабного объединения четыре компаний: BEEPER, Comfortel, TELECOMEXPRESS и Лоджиколл -российских контакт-центров c более чем двадцати летним опытом работы в отрасли клиентского сервиса."
"Что вы можете рассказать об истории вашей компании?","Федеральный центр коммуникаций ""Воксис"" образован в две тысячи двадцатом году в результате масштабного объединения четыре компаний: BEEPER, Comfortel, TELECOMEXPRESS и Лоджиколл -российских контакт-центров c более чем двадцати летним опытом работы в отрасли клиентского сервиса."
"Какой карьерный путь может быть в вашей компании?","Многие административные работники пришли к своим должностям через продвижение по карьерной лестнице, став ведущими специалистами или руководителями групп. Поэтому все в ваших руках, а мы вам с этим поможем."
"Есть ли дресс-код в вашей компании при посещении офиса?","При посещении офиса мы рекомендуем придерживаться стиля Smart casual."
"Будет ли у меня наставник на первое время?","Каждого нового сотрудника в компании Voxys на протяжении двух недель сопровождает наставник"
"Какая образовательная платформа у вас есть?","Наша образовательная платформа называется Academy VOXYS. Она насчитывает более ста маршрутизированных программ для обучения сотрудников."
"Что есть интересного на Academy VOXYS?","На Academy VOXYS есть множество дистанционных курсов. От помощи в работе до развития навыков английского и выступлений на публике. Так же есть личный кабинет — идеальный инструмент для управления обучением и удобное мобильное приложение. Ты можешь обучаться в любом удобном месте и в любое удобное время."
"Какие планы у компании Voxys на будущее?","В ближайшие пять лет компания Voxys планирует: - Расширить географию присутствия в России до 50 городов и выйти на международные рынки. - Увеличить штат до 20 000 человек. - Кратно повысить эффективность системы дистанционной работы и обучения операторов."
"Какой у вас рабочий график и можно ли его двигать?","У нас есть различные варианты графика работы два через два, пять через два , а также возможность подработки от четырех часов в день и гибкое начало рабочего дня. Вы можете выбрать наиболее удобный для себя график, а подробнее Вам раскажут на собеседовании."
"Сколько в среднем длится рабочий день?","При полной занятости Вам необходимо отработать сорок часов в неделю. Если вы рассматриваете неполный рабочий день, то норма составляет двадцать часов. Вы можете брать часы сверх графика они будут дополнительно оплачены."
"Я не хочу работать официально. Какие еще варианты вы можете мне предложить?","Мы действуем в рамках закона и оформляем сотрудников официально. В данной ситуации мы можем вам предложить устроиться на пол ставки. Давайте я приглашу вас на встречу. Мой коллега ответит на все интересующие Вас вопросы, а далее вы сможете принять решение."
"Мне сейчас некогда с вами общаться.","Хорошо, мы напишем вам позже. Хорошего дня!"
"Если честно я сомневаюсь.","Я понимаю вас. Для принятия важных решений требуется время. Давайте я приглашу вас на встречу. Мой коллега ответит на все интересующие Вас вопросы, а далее вы сможете принять решение."
"Спасибо за предложение, но для меня это сейчас не актуально.","Если поиск работы станет для вас актуален, со списком вакансий вы всегда можете ознакомиться на нашем сайте или портале hh.ру. Для этого введите в поиске: voxys. Благодарим за уделённое время! До свидания!"
"Мне это не интересно.","Если вас заинтересуют наши вакансии, со списком вакансий вы всегда можете ознакомиться на нашем сайте или портале hh.ру. Для этого введите в поиске: voxys. Благодарим за уделённое время! До свидания!"
"Меня это совершенно не интересует.","Если поиск работы станет для вас актуален, со списком вакансий вы всегда можете ознакомиться на нашем сайте или портале hh.ру. Для этого введите в поиске: voxys. Благодарим за уделённое время! До свидания!"
"Я не хочу работать в вашей компании.","У нас, как и у всех, бывают негативные отзывы. Но их очень мало. Когда люди довольны своей работой, им не всегда приходит в голову оставлять положительный отзыв - они просто продолжают работать. Я предлагаю вам узнать больше о нашей работе и присоединиться к нашей команде, чтобы вы смогли сформировать свое собственное мнение."
"Не хочу работать в Воксис","У нас, как и у всех, бывают негативные отзывы. Но их очень мало. Когда люди довольны своей работой, им не всегда приходит в голову оставлять положительный отзыв - они просто продолжают работать. Я предлагаю вам узнать больше о нашей работе и присоединиться к нашей команде, чтобы вы смогли сформировать свое собственное мнение."
"Мне неудобно до вас добираться на работу.","Мы всегда готовы адаптировать условия работы для комфорта наших сотрудников. У нас есть возможность удаленной работы, что позволит вам работать из дома"
"Мне слишком далеко ездить к вам на работу.","Мы всегда готовы адаптировать условия работы для комфорта наших сотрудников. У нас есть возможность удаленной работы, что позволит вам работать из дома"
"У меня нет опыта работы никакого.","Вы можете быть спокойны. Опыт работы не обязателен. Мы предоставляем обучение для всех новых сотрудников. Ваши коллеги всегда будут помогать и поддерживать вас на протяжении всей вашей работы"
"Я не хочу ходить на обучение.","Понимаю вас, тем не менее обучение является обязательным этапом. Оно помогает качественно подготовиться к коммуникации с клиентом. К тому же оно оплачивается с первого дня и позволяет быстро выйти на результат. Обучение проходит быстро и занимает примерно семь дней."
"Я не хочу ездить в офис.","Мы всегда готовы адаптировать условия работы для комфорта наших сотрудников. У нас есть возможность удаленной работы, что позволит вам работать из дома"
"Мне не подходит график работы 5/2.","У нас есть различные варианты графика работы два через два, пять через два , а также возможность подработки от четырех часов в день и гибкое начало рабочего дня. Вы можете выбрать наиболее удобный для себя график, а подробнее Вам раскажут на собеседовании."
"Я не могу работать полный рабочий день, потому что еще учусь.","У нас есть различные варианты графика работы два через два, пять через два , а также возможность подработки от четырех часов в день и гибкое начало рабочего дня. Вы можете выбрать наиболее удобный для себя график, а подробнее Вам раскажут на собеседовании."
"Я сейчас занят.","Хорошо, мы напишем вам позже. Хорошего дня!"
"Мне сейчас неудобно продолжать общение.","Хорошо, мы напишем вам позже. Хорошего дня!"
"Мне кажется это маленькая зарплата.","Всегда хочется зарабатывать больше, и наша компания предоставляет такую возможность. У нас есть оклад, премия за выполненные показатели, возможность брать дополнительные часы и перспектива карьерного роста, которая позволит увеличить доход."
"Я рассматриваю сразу несколько вакансий.","Замечательно, значит вы сможете сравнить предложения и выбрать для себя более подходящее. В нашей компании вы можете работать из дома, получая высокую заработную плату, которая выше средней на рынке контактных центров. Вы также можете получать выгоду от корпоративных бонусов и акций. У вас есть возможность быстро продвигаться по карьерной лестнице и стать руководителем. И это далеко не все преимущества, которые мы предлагаем."
"Рассматриваю несколько вакансий","Замечательно, значит Вы сможете сравнить предложения и выбрать для себя то что Вам больше подходит. В нашей компании вы можете работать из дома, получая высокую заработную плату, которая выше средней на рынке контактных центров. Вы также можете получать выгоду от корпоративных бонусов и акций. У вас есть возможность быстро продвигаться по карьерной лестнице и стать руководителем. И это далеко не все преимущества, которые мы предлагаем."
"Не хочу работать на звонках, потому что там много негатива.","Понимаю вас, в зависимости от проекта вы будете работать с разными людьми в разных областях, есть возможность выбирать те, где конфликтные ситуации встречаются реже."
"Не хочу работать много общаясь с людьми.","Понимаю вас, в зависимости от проекта вы будете работать с разными людьми в разных областях, есть возможность выбирать те, где конфликтные ситуации встречаются реже."
"Я сейчас нахожусь в декрете.","У нас есть различные варианты занятости, включая возможность подстроить график под себя. Для удаленной работы Вам потребуются стабильный интернет и возможность обеспечивать тишину."
"У меня маленькие дети.","У нас есть различные варианты занятости, включая возможность подстроить график под себя. Для удаленной работы Вам потребуются стабильный интернет и возможность обеспечивать тишину."
"Я не помню чтобы я оставлял отклик на вашу вакансию.","Наши вакансии могут быть названы по-разному, но все свзязаны с работой в контактном центре, в любом случае мы получили ваше обращение."
"У вас много негативных отзывов.","У нас, как и у всех, бывают негативные отзывы. Но их очень мало. Когда люди довольны своей работой, им не всегда приходит в голову оставлять положительный отзыв - они просто продолжают работать. Я предлагаю вам узнать больше о нашей работе и присоединиться к нашей команде, чтобы вы смогли сформировать свое собственное мнение."
"Я читала негативные отзывы о вашей компании.","У нас, как и у всех, бывают негативные отзывы. Но их очень мало. Когда люди довольны своей работой, им не всегда приходит в голову оставлять положительный отзыв - они просто продолжают работать. Я предлагаю вам узнать больше о нашей работе и присоединиться к нашей команде, чтобы вы смогли сформировать свое собственное мнение."
"Я хочу работать как самозанятый.","На данный момент, в нашей компании существует возможность трудоустройства на различных условиях. В том числе путем заключения договора на оказание услуг как с самозанятым лицом. Подробнее о формах трудоустройства вы можете узнать на собеседовании."
"Я хочу работать по ГПХ.","На данный момент, в нашей компании существует возможность трудоустройства на различных условиях. В том числе путем заключения договора ГПХ. Подробнее о формах трудоустройства вы можете узнать на собеседовании."
"Я вам перезвоню.","Можете перезвонить на номер 8-800-707-1-000. Будем ждать вашего звонка. Хорошего вам дня!"
"Я напишу вам позже.","Будем ждать вашего сообщения. Хорошего вам дня!"
"Мне нужно время чтобы подумать.","Да, конечно, я вас понимаю. А для того, чтобы вам легче было принять решение – приглашаю вас на встречу, где мой коллега ответит на все интересующие Вас вопросы. Это поможет вам составить свое мнение о компании и о вакансии. Хорошо?"
"Я пока не готов дать вам какой-то ответ.","Да, конечно, я вас понимаю. А для того, чтобы вам легче было принять решение – приглашаю вас на встречу, где мой коллега ответит на все интересующие Вас вопросы. Это поможет вам составить свое мнение о компании и о вакансии. Хорошо?"
"Я ранее уже работал в вашей компании.","Прекрасно, совсем недавно в компании был согласован бонус для сотрудников, которые хотят вернуться в компанию."
"У меня уже есть опыт работы в Воксис.","Прекрасно, совсем недавно в компании был согласован бонус для сотрудников, которые хотят вернуться в компанию."
"У меня нет опыта работы.","Мы предоставляем оплачиваемую компанией программу обучения, поэтому опыт работы не требуется. Наши специалисты обеспечат Вас необходимыми знаниями и поддержкой в начале вашей работы."
"Я не рассматриваю сейчас вакансии.","Если поиск работы станет для вас актуален, со списком вакансий вы всегда можете ознакомится на нашем сайте или портале hh.ру. Для этого введите в поиске: voxys. Благодарим за уделённое время! До свидания!"
"Я уже не ищу работу.","Если поиск работы станет для вас актуален, со списком вакансий вы всегда можете ознакомится на нашем сайте или портале hh.ру. Для этого введите в поиске: voxys. Благодарим за уделённое время! До свидания!"
"Я уже нашел работу.","Если поиск работы станет для вас актуален, со списком вакансий вы всегда можете ознакомится на нашем сайте или портале hh.ру. Для этого введите в поиске: voxys. Благодарим за уделённое время! До свидания!"
"Не пишите мне больше.","Прощу прощения за беспокойство. Хорошего вам дня!"
"Хватит мне писать.","Прощу прощения за беспокойство. Хорошего вам дня!"
"Вы мне вчера уже писали.","Приношу свои извинения за беспокойство, видимо произошла какая-то накладка. Хорошего вам дня!"
"Я работаю в Воксис сейчас.","Прошу прощения, коллега, видимо какая то ошибка в базе. Всего вам доброго, до свидания!"
"Я ничего не знаю о Воксис.","Voxys - это cовременный контактный центр мы помогаем крупным организациям обрабатывать обращения клиентов. Сейчас ведем набор на позицию Cпециалист по работе с клиентами, работа будет заключаться в обработке исходящих/входящих звонков ."
"Я не слышал о такой компании.","Voxys - это cовременный контактный центр мы помогаем крупным организациям обрабатывать обращения клиентов. Сейчас ведем набор на позицию Cпециалист по работе с клиентами, работа будет заключаться в обработке исходящих/входящих звонков ."
"У меня нет ноутбука.","Для удаленной работы потребуется проводной интернет со стабильной скоростью. Остальные вопросы можно будет решить на собеседовании."
"У меня WIFI медленный.","Для удаленной работы потребуется проводной интернет со стабильной скоростью. Остальные вопросы можно будет решить на собеседовании."
"У меня нет оборудования для работы.","Для удаленной работы потребуется проводной интернет со стабильной скоростью. Остальные вопросы можно будет решить на собеседовании."
"Мне нет 18 лет.","Я поняла Вас. К сожалению трудоустройство в нашу компанию только с 18 лет. Спасибо за уделённое время! До свидания!"
"Мне 16 лет.","Я поняла Вас. К сожалению трудоустройство в нашу компанию только с 18 лет. Спасибо за уделённое время! До свидания!"
"Мне 17 лет.","Я поняла Вас. К сожалению трудоустройство в нашу компанию только с 18 лет. Спасибо за уделённое время! До свидания!"
"Хочу работать неофициально.","Мы действуем в рамках закона и оформляем сотрудников официально. В данной ситуации можем предложить устроиться на пол ставки, для сохранения ваших условий."
"Меня интересует карьерный рост.","Многие административные работники пришли к своим должностям через продвижение по карьерной лестнице, став ведущими специалистами или руководителями групп. Поэтому все в ваших руках, а мы вам с этим поможем."
"Я уже пытался к вам устроиться и мне отказали.","Приношу свои извинения за беспокойство! Я проверю эту информацию. До свидания."
"Я уже был на собеседовании в вашей компании.","Приношу свои извинения за беспокойство! Видимо произошла какая-то накладка. Хорошего вам дня!"
"Пришлите мне условия вакансии.","Все вакансии компании Voxys вы можете найти на сайте hh.ru. А подробнее узнать о вакансиях и проектах на собеседовании."
"Вы можете дать мне время чтобы подумать?","Конечно, вы всегда можете взять время на размышления. Это нормально и демонстрирует ваш серьезный подход к принятию решения."
"А если у меня нет опыта работы?","Отсутствие опыта не критично. В нашей компании есть внутреннее обучение и система наставничества, которые помогут вам приступить к работе."
"Какой опыт требуется на этой должности?","Обычно требуется базовый опыт или знания в соответствующей области, а также желание обучаться и развиваться."
"Я сейчас общаюсь с роботом?","Меня зовут Карина. Я помощник специалиста по подбору персонала в компании Voxys. Cейчас в поиске талантливых кандидатов. Моя задача найти Вам работу, которая принесет удовлетворение."
"Я общаюсь с роботом?","Меня зовут Карина. Я помощник специалиста по подбору персонала в компании Voxys. Cейчас в поиске талантливых кандидатов. Моя задача найти Вам работу, которая принесет удовлетворение."
"Вы кто?","Меня зовут Карина специальст по подбору персонала компании Воксис"
"Как тебя зовут?","Меня зовут Карина, я - помощник специалиста по подбору персонала компании Voxys."
"Из какого города вы?","Наш главный офис находится в Москве. Но не волнуйтесь, у нас есть офисы по всей России. Кроме того, мы предлагаем удаленный формат работы."
"Какая компания?","Я беспокою вас из компании Voxys - это cовременный контактный центр мы помогаем крупным организациям обрабатывать обращения клиентов. Сейчас ведем набор на позицию Cпециалист по работе с клиентами, работа будет заключаться в обработке исходящих/входящих звонков."
"Могу я вам задать вопрос?","Да, конечно. Я с удовольствием отвечу на ваши вопросы о компании Voxys и о вакансии."
"В вашей компании есть обучение?","Конечно, мы проводим обучение для всех новых сотрудников. Оно длится в среднем 7 дней и полностью оплачивается."
"У вас есть обучение?","Да,у нас есть обучение,что бы сотрудники были подготовлены к общению с клиентами. Оно проводится регулярно и полностью оплачивается."
"Есть вариант работать удаленно?","Да, у нас есть возможность работать удаленно.Так же наша IT команда поможет Вам настроить ваше рабочее место удаленно."
"Есть удаленка?","Да, в нашей компании есть формат удаленной работы."
"Какой у вас график работы?","Есть различные варианты графика работы 2/2, 5/2 ,также возможность подработки от 4 часов в день и гибкое начало рабочего дня. Подробнее про графики вам расскажет мой коллега на собеседовании."
"По какому графику можно работать?","Вы можете выбрать наиболее удобный для себя график, а подробнее Вам раскажут на собеседовании."
"С какими компаниями работает Воксис?","Мы работаем с крупными и известными компаниями, такими как СберМегаМаркет, РЖД, Газпром Нефть. У каждой из них свое направление и специфика работы."
"А какая у вас норма часов?","При полной занятости Вам необходимо отработать 40 часов в неделю. Если вы рассматриваете неполный рабочий день, то норма составляет 20 часов. По договоренности, Вы можете брать часы сверх графика они будут дополнительно оплачены."
"Сколько часов занимает работа?","Это зависит от графика и формата трудоустройства. Минимальное количество рабочих часов - 4. Подробнее вам может рассказать мой коллега на собеседовании."
"Кому подходит работа в Voxys?","Наши вакансии идеально подойдут всем: студентам, среднему и старшему поколению, мамам в декрете, людям с ограниченными возможностями здоровья."
"C какими сложностями придется столкнуться?","К главным трудностям работы в колл центре можно отнести постоянное общение, обязательное исполнение скрипта или сценария и работа в большом коллективе."
"Почему стоит прийти работать в Voxys?","VOXYS гарантирует 100% белую заработную плату, оформление по договору, гибкий график, ежемесячные премии и бонусы, карьерный рост, возможность подработки и удобное совмещение."
"Какие soft-скиллы необходимы для этой вакансии?","Самые важные качества для вакансии оператора call-центра это – терпение, умение слушать и эмпатия, а также доброжелательность."
"Из чего складывается типичный рабочий день?","Основная задача оператора в течении рабочего дня — обрабатывать звонки. Это может включать ответы на звонки, предоставление информации о продуктах или услугах, обработка вопросов, жалоб и обращений клиентов."
"Как выглядит стандартный рабочий день на этой позиции?","Основная задача оператора в течении рабочего дня — обрабатывать звонки. Это может включать ответы на звонки, предоставление информации о продуктах или услугах, обработка вопросов, жалоб и обращений клиентов."
"Как долго компания работает и сколько в ней сотрудников?","Компания VOXYS была сформирована в 2020 году в результате объединения четырёх игроков рынка с совокупным опытом работы более 25 лет. Сейчас в компании работает более десяти тысяч сотрудников."
"Как я буду оформлен в компании? Самозанятость, ИП, ГПХ, ТК РФ или без оформления.","Voxys приглашает к сотрудничеству в любом удобном для тебя формате: путем заключения трудового договора (по ТК РФ), путем заключения договора ГПХ как с физическим лицом, путем заключения договора на оказание услуг как с самозанятым лицом."
"Почему у вас так много открытых вакансий постоянно?","Это связано с ростом компании, увеличением количества заказчиков и потребностью в сотрудниках на новые проекты."
"Какие задачи входят в должностные обязанности?","Наши сотрудники консультируют клиентов по продуктам и сервисам, информируют, сопровождают реализацию и осуществляют техническую поддержку. Каким именно из этих направлений предстоит заниматься вам расскажут на собеседовании."
"Какие курсы, тренинги или сертификации компания предлагает своим сотрудникам?","Наша образовательная платформа называется Academy VOXYS. Она насчитывает более ста маршрутизированных программ для обучения сотрудников."
"Какие формы сотрудничества возможны? Самозанятость, ТК, ГПХ?","Voxys приглашает к сотрудничеству в любом удобном для тебя формате: путем заключения трудового договора (по ТК РФ), путем заключения договора ГПХ как с физическим лицом, путем заключения договора на оказание услуг как с самозанятым лицом."
"Когда была основана компания?","Компания VOXYS была сформирована в 2020 году в результате объединения четырёх игроков рынка с совокупным опытом работы более 25 лет. По данным независимого исследовательского агентства iKS-Сonsulting, VOXYS с 2020 года является абсолютным лидером российского рынка коммуникаций в сфере клиентского сервиса. Компания представлена в более чем 30 регионах России."
"Что будет у меня в Voxys?","В VOXYS у тебя будет: удобный график, стабильная зарплата, интересные проекты, телемедицина и такси для поздних смен, просторные светлые офисы или удаленная работа, дружная команда и насыщенная корпоративная жизнь."
"Что я буду делать на работе?","Консультировать и информировать клиентов, сопровождать реализацию, осуществляют техническую поддержку. Каким именно из этих направлений предстоит заниматься вам расскажут на собеседовании."
"Что нужно будет делать?","Всё зависит от выбранного проекта и специфике. Это может быть консультирование клиентов по продутам, информирование, продажи или техподдержка. Формат Вы определите на собеседовании."
